{
  "users": [
    {
      "name": "chinmay",
      "userName": "chinmay@gmail.com",
      "password": "chinmayph",
      "id": 1
    },
    {
      "name": "chinmay",
      "userName": "chinmay@gmail.com",
      "password": "chinmayph",
      "id": 3
    },
    {
      "name": "chinmay",
      "userName": "chinmay@gmail.com",
      "password": "chinmayph",
      "id": 4
    },
    {
      "name": "ch",
      "userName": "chinmayphade@gmail.com",
      "password": "chinmay",
      "id": 5
    },
    {
      "name": "chinmay",
      "userName": "chinmayphade@gmail.com",
      "password": "chinmay",
      "id": 6
    },
    {
      "name": "chinmay",
      "userName": "chinmayphade@gmail.com",
      "password": "chinmay",
      "id": 7
    },
    {
      "name": "chinmay",
      "userName": "chinmayphade@gmail.com",
      "password": "chinmay",
      "id": 8
    },
    {
      "name": "chinmay",
      "userName": "chinmayphade@gmail.com",
      "password": "chinmay",
      "id": 9
    },
    {
      "name": "deep",
      "userName": "deep@gmail.com",
      "password": "deep",
      "id": 10
    },
    {
      "name": "dee",
      "userName": "dee@sad",
      "password": "chinmay",
      "id": 11
    },
    {
      "name": "deepkumar",
      "userName": "deepkumar@cybage",
      "password": "qwerty",
      "id": 12
    },
    {
      "name": "qwerty",
      "userName": "qwerty@gmail.com",
      "password": "qwerty",
      "id": 13
    },
    {
      "name": "qwerty2",
      "userName": "qwerty2@gmail.com",
      "password": "qwerty",
      "id": 14
    },
    {
      "name": "chinmay",
      "userName": "chinmay@gmail",
      "password": "qwerty",
      "id": 15
    },
    {
      "name": "Ankit Patel",
      "userName": "ankitpatel@cybage.com",
      "password": "qwe",
      "id": 16
    },
    {
      "name": "Bruce Wayne",
      "userName": "bruce@gmail.com",
      "password": "qwe",
      "id": 17
    },
    {
      "name": "Barry Allen",
      "userName": "barry@speedforce.com",
      "password": "qwe",
      "id": 18
    },
    {
      "name": "Oliver Queen",
      "userName": "oliver@arrow.com",
      "password": "qwe",
      "id": 19
    }
  ],
  "blogs": [
    {
      "userid": "1",
      "category": "travel",
      "title": "Deep",
      "imgpath": "../BackEnd/images/download.jpg",
      "text": "Blog2",
      "timestamp": "2021-09-12T16:28:09.458Z",
      "likes": 67,
      "comments": [
        {
          "userid": "19",
          "text": "Zoom vs Reverse Flash"
        }
      ],
      "flag": true,
      "id": 1,
      "likeStatus": [
        {},
        {
          "userId": "19"
        }
      ]
    },
    {
      "userid": "1",
      "category": "food",
      "title": "Chinmay",
      "imgpath": "../BackEnd/images/download.jpg",
      "text": "Blog2",
      "timestamp": "2021-09-12T16:28:33.755Z",
      "likes": 93,
      "comments": [],
      "flag": true,
      "id": 2,
      "likeStatus": [
        {
          "userId": "19"
        }
      ]
    },
    {
      "userid": "1",
      "category": "music",
      "title": "Anurag",
      "imgpath": "../BackEnd/images/none",
      "text": "Blog3",
      "timestamp": "2021-09-12T16:29:17.955Z",
      "likes": 90,
      "comments": [
        {
          "userid": "2",
          "text": "asdasd"
        },
        {
          "userid": "2",
          "text": "asdasd2"
        }
      ],
      "flag": false,
      "id": 3,
      "likeStatus": [
        {
          "userId": "19"
        },
        {
          "userId": "5"
        }
      ]
    },
    {
      "userid": "1",
      "category": "gaming",
      "title": "Chetan",
      "imgpath": "../BackEnd/images/none",
      "text": "Blog4",
      "timestamp": "2021-09-12T16:30:08.691Z",
      "likes": 51,
      "comments": [],
      "flag": false,
      "id": 4,
      "likeStatus": []
    },
    {
      "userid": "2",
      "category": "cars",
      "title": "Chandrashekhar",
      "imgpath": "../BackEnd/images/cars.jpeg",
      "text": "Blog5",
      "timestamp": "2021-09-12T16:30:53.825Z",
      "likes": 56,
      "comments": [],
      "flag": true,
      "id": 5,
      "likeStatus": []
    },
    {
      "userid": "2",
      "category": "fashion",
      "title": "Asawari",
      "imgpath": "../BackEnd/images/none",
      "text": "Lorem&nbsp;ipsum&nbsp;dolor&nbsp;sit&nbsp;amet&nbsp;consectetur&nbsp;adipisicing&nbsp;elit.&nbsp;Possimus&nbsp;laboriosam&nbsp;necessitatibus&nbsp;numquam&nbsp;illum.&nbsp;Tempora&nbsp;quisquam,&nbsp;modi&nbsp;doloremque&nbsp;eum&nbsp;ipsam&nbsp;praesentium.&nbsp;Voluptatibus&nbsp;non&nbsp;commodi&nbsp;necessitatibus&nbsp;placeat&nbsp;mollitia&nbsp;distinctio&nbsp;numquam&nbsp;sed&nbsp;pariatur&nbsp;libero&nbsp;praesentium,&nbsp;doloribus&nbsp;nisi&nbsp;dolorum&nbsp;vel?&nbsp;Ratione&nbsp;ipsam&nbsp;molestiae&nbsp;doloribus&nbsp;mollitia&nbsp;eligendi&nbsp;consequuntur&nbsp;unde&nbsp;necessitatibus&nbsp;doloremque.&nbsp;Aliquid&nbsp;nemo&nbsp;quae&nbsp;magni&nbsp;repudiandae&nbsp;assumenda&nbsp;est&nbsp;necessitatibus,&nbsp;tempora&nbsp;quis&nbsp;distinctio&nbsp;id&nbsp;vel&nbsp;porro.",
      "timestamp": "2021-09-12T16:32:00.121Z",
      "likes": 52,
      "comments": [],
      "flag": false,
      "id": 6,
      "likeStatus": []
    },
    {
      "userid": "3",
      "category": "cars",
      "title": "Ankit Patel",
      "imgpath": "../BackEnd/images/cars.jpeg",
      "text": "Ankit Patel - our mentor",
      "timestamp": "2021-09-13T14:47:31.003Z",
      "likes": 50,
      "comments": [],
      "flag": true,
      "id": 7,
      "likeStatus": []
    },
    {
      "userid": "2",
      "category": "gaming",
      "title": "Arrow",
      "imgpath": "../BackEnd/images/cars.jpeg",
      "text": "qwrfredshtygkjygfcvgsd re yghfhgdf",
      "timestamp": "2021-09-13T18:51:38.429Z",
      "likes": 52,
      "comments": [],
      "flag": true,
      "id": 8,
      "likeStatus": [
        {
          "userId": "19"
        },
        {
          "userId": "5"
        }
      ]
    },
    {
      "userid": "5",
      "category": "travel",
      "title": "asdada",
      "imgpath": "../BackEnd/images/none",
      "text": "asdasdsads",
      "timestamp": "2021-09-14T09:44:11.116Z",
      "likes": 50,
      "comments": [
        "sjfiwjeif",
        "ewfjweferg"
      ],
      "flag": false,
      "likeStatus": [],
      "id": 9
    }
  ]
}